{
   "tracks" : [
      {
         "config" : {
            "chunkSize" : 20000,
            "urlTemplate" : "sequence_alterations_trackData.json",
            "compress" : 0,
            "style" : {
               "className" : "{type}",
               "uniqueIdField" : "id"
            },
            "type" : 1,
            "residuesUrlTemplate" : "seq/{refseq}/",
            "subfeatures" : 1
         },
         "label" : "DNA",
         "type" : "AnnotSequenceTrack",
         "key" : "DNA"
      },
      {
         "autocomplete" : "none",
         "style" : {
            "renderClassName" : "maker-transcript-render",
            "className" : "maker-transcript",
            "subfeatureClasses" : {
               "wholeCDS" : "null",
               "exon" : "maker-exon",
               "CDS" : "maker-CDS",
               "UTR" : "maker-UTR"
            },
            "arrowheadClass" : "trellis-arrowhead"
         },
         "key" : "maker",
         "phase" : null,
         "urlTemplate" : "tracks/maker/{refseq}/trackData.json",
         "compress" : 0,
         "label" : "maker",
         "type" : "DraggableFeatureTrack",
         "subfeatures" : 1
      },
      {
         "autocomplete" : "none",
         "style" : {
            "renderClassName" : "blastn-alignment-render",
            "className" : "blastn-alignment-match",
            "subfeatureClasses" : {
               "match_part" : "blastn-alignment-part"
            },
            "arrowheadClass" : "trellis-arrowhead"
         },
         "key" : "blastn",
         "phase" : null,
         "urlTemplate" : "tracks/blastn/{refseq}/trackData.json",
         "compress" : 0,
         "label" : "blastn",
         "type" : "DraggableFeatureTrack",
         "subfeatures" : 1
      },
      {
         "autocomplete" : "none",
         "style" : {
            "renderClassName" : "blastx-alignment-render",
            "className" : "blastx-alignment-match",
            "subfeatureClasses" : {
               "match_part" : "blastx-alignment-part"
            },
            "arrowheadClass" : "trellis-arrowhead"
         },
         "key" : "blastx",
         "phase" : null,
         "urlTemplate" : "tracks/blastx/{refseq}/trackData.json",
         "compress" : 0,
         "label" : "blastx",
         "type" : "DraggableFeatureTrack",
         "subfeatures" : 1
      },
      {
         "autocomplete" : "none",
         "style" : {
            "renderClassName" : "est2genome-alignment-render",
            "className" : "est2genome-alignment-match",
            "subfeatureClasses" : {
               "match_part" : "est2genome-alignment-part"
            },
            "arrowheadClass" : "trellis-arrowhead"
         },
         "key" : "est2genome",
         "phase" : null,
         "urlTemplate" : "tracks/est2genome/{refseq}/trackData.json",
         "compress" : 0,
         "label" : "est2genome",
         "type" : "DraggableFeatureTrack",
         "subfeatures" : 1
      },
      {
         "autocomplete" : "none",
         "style" : {
            "renderClassName" : "protein2genome-alignment-render",
            "className" : "protein2genome-alignment-match",
            "subfeatureClasses" : {
               "match_part" : "protein2genome-alignment-part"
            },
            "arrowheadClass" : "trellis-arrowhead"
         },
         "key" : "protein2genome",
         "phase" : null,
         "urlTemplate" : "tracks/protein2genome/{refseq}/trackData.json",
         "compress" : 0,
         "label" : "protein2genome",
         "type" : "DraggableFeatureTrack",
         "subfeatures" : 1
      },
      {
         "autocomplete" : "none",
         "style" : {
            "renderClassName" : "repeatmasker-alignment-render",
            "className" : "repeatmasker-alignment-match",
            "subfeatureClasses" : {
               "match_part" : "repeatmasker-alignment-part"
            },
            "arrowheadClass" : "trellis-arrowhead"
         },
         "key" : "repeatmasker",
         "phase" : null,
         "urlTemplate" : "tracks/repeatmasker/{refseq}/trackData.json",
         "compress" : 0,
         "label" : "repeatmasker",
         "type" : "DraggableFeatureTrack",
         "subfeatures" : 1
      },
      {
         "autocomplete" : "none",
         "style" : {
            "renderClassName" : "repeatrunner-alignment-render",
            "className" : "repeatrunner-alignment-match",
            "subfeatureClasses" : {
               "match_part" : "repeatrunner-alignment-part"
            },
            "arrowheadClass" : "trellis-arrowhead"
         },
         "key" : "repeatrunner",
         "phase" : null,
         "urlTemplate" : "tracks/repeatrunner/{refseq}/trackData.json",
         "compress" : 0,
         "label" : "repeatrunner",
         "type" : "DraggableFeatureTrack",
         "subfeatures" : 1
      },
      {
         "autocomplete" : "none",
         "style" : {
            "renderClassName" : "snap_masked-alignment-render",
            "className" : "snap_masked-alignment-match",
            "subfeatureClasses" : {
               "match_part" : "snap_masked-alignment-part"
            },
            "arrowheadClass" : "trellis-arrowhead"
         },
         "key" : "snap_masked",
         "phase" : null,
         "urlTemplate" : "tracks/snap_masked/{refseq}/trackData.json",
         "compress" : 0,
         "label" : "snap_masked",
         "type" : "DraggableFeatureTrack",
         "subfeatures" : 1
      }
   ],
   "formatVersion" : 1
}
